Comapny Name,Total ESG Risk Score,Environmental Risk Score,Social Risk Score,Governance Risk Score,Controversy Level
"Agilent Technologies, Inc. (A)",13.6,1.1,6.4,6.1,2
Alcoa Corporation (AA),24.0,13.8,5.9,4.3,3
American Airlines Group Inc. (AAL),26.4,9.9,11.6,4.8,2
"Advance Auto Parts, Inc. (AAP)",11.5,0.1,8.3,3.1,2
Apple Inc. (AAPL),17.2,0.5,7.4,9.4,3
AbbVie Inc. (ABBV),29.9,2.4,17.2,10.4,3
Abbott Laboratories (ABT),24.8,2.3,14.2,8.3,3
Arch Capital Group Ltd. (ACGL),22.5,1.5,10.1,10.9,2
AECOM (ACM),29.4,11.1,12.2,6.2,2
Accenture plc (ACN),9.8,0.8,4.6,4.4,2
Adobe Inc. (ADBE),13.1,1.9,6.0,5.2,2
"Analog Devices, Inc. (ADI)",22.9,9.3,6.7,7.0,1
Archer-Daniels-Midland Company (ADM),31.8,16.6,10.1,5.0,3
"Automatic Data Processing, Inc. (ADP)",13.8,2.8,5.5,5.5,1
"Autodesk, Inc. (ADSK)",16.8,3.7,8.2,4.9,N/A
Ameren Corporation (AEE),27.2,12.9,9.1,5.3,2
Agnico Eagle Mines Limited (AEM),21.4,8.8,7.4,5.2,2
"American Electric Power Company, Inc. (AEP)",26.1,12.7,8.1,5.4,2
AerCap Holdings N.V. (AER),20.0,5.3,8.2,6.6,N/A
The AES Corporation (AES),26.7,13.3,8.2,5.3,2
"American Financial Group, Inc. (AFG)",27.9,2.5,12.3,13.1,1
Aflac Incorporated (AFL),18.3,0.3,9.1,8.9,1
AGNC Investment Corp. (AGNC),16.1,7.0,3.3,5.8,N/A
"American International Group, Inc. (AIG)",24.2,1.6,9.7,12.9,2
Apartment Investment and Management Company (AIV),19.7,,,,N/A
"Assurant, Inc. (AIZ)",24.1,1.6,10.8,11.7,2
Arthur J. Gallagher & Co. (AJG),21.2,0.1,10.9,10.1,2
"Akamai Technologies, Inc. (AKAM)",17.0,3.0,7.1,6.9,1
Albemarle Corporation (ALB),26.6,15.4,4.8,6.3,2
Alkermes plc (ALKS),24.5,1.4,15.6,7.5,1
The Allstate Corporation (ALL),22.0,1.0,10.1,10.9,2
Allegion plc (ALLE),21.8,10.9,5.8,5.0,N/A
Ally Financial Inc. (ALLY),23.0,0.1,11.8,11.0,2
"Autoliv, Inc. (ALV)",17.2,4.9,5.1,7.1,3
"Applied Materials, Inc. (AMAT)",12.7,4.5,3.0,5.3,1
"AMETEK, Inc. (AME)",23.9,8.6,8.5,6.7,1
"Affiliated Managers Group, Inc. (AMG)",21.5,2.1,7.9,11.5,1
Amgen Inc. (AMGN),22.0,0.7,13.5,7.8,3
"Ameriprise Financial, Inc. (AMP)",20.3,2.1,7.8,10.3,2
American Tower Corporation (AMT),10.9,2.9,2.8,5.2,1
"Amazon.com, Inc. (AMZN)",30.6,6.0,15.4,9.2,3
"Arista Networks, Inc. (ANET)",16.7,0.4,8.9,7.4,1
"ANSYS, Inc. (ANSS)",15.9,3.5,7.3,5.1,N/A
A. O. Smith Corporation (AOS),25.4,7.2,11.9,6.4,1
APA Corporation (APA),38.8,22.0,8.9,8.0,2
"Air Products and Chemicals, Inc. (APD)",12.3,7.4,1.5,3.3,1
Amphenol Corporation (APH),19.6,7.3,4.6,7.6,2
Aptiv PLC (APTV),10.7,1.5,3.9,5.3,1
Antero Resources Corporation (AR),36.4,,,,1
"Alexandria Real Estate Equities, Inc. (ARE)",13.9,3.9,3.7,6.3,N/A
Aramark (ARMK),23.9,8.1,10.9,4.8,2
"Arrow Electronics, Inc. (ARW)",9.4,2.5,3.0,4.0,N/A
Ashland Inc. (ASH),32.4,19.0,7.2,6.2,2
Atmos Energy Corporation (ATO),34.6,14.8,13.4,6.4,2
"AvalonBay Communities, Inc. (AVB)",9.8,3.0,2.0,4.8,1
Broadcom Inc. (AVGO),20.0,7.3,6.0,6.6,3
"Avnet, Inc. (AVT)",8.2,2.1,2.7,3.4,2
Avery Dennison Corporation (AVY),16.1,11.4,0.9,3.7,1
"American Water Works Company, Inc. (AWK)",21.6,9.0,7.6,5.0,1
American Express Company (AXP),18.6,0.1,8.9,9.7,2
AXIS Capital Holdings Limited (AXS),24.0,1.7,10.5,11.8,2
Axalta Coating Systems Ltd. (AXTA),27.1,14.9,7.4,4.8,N/A
"Acuity Brands, Inc. (AYI)",19.5,5.2,9.2,5.0,2
"AutoZone, Inc. (AZO)",11.0,0.1,7.1,3.8,2
The Boeing Company (BA),39.6,8.8,22.5,8.3,4
Bank of America Corporation (BAC),28.3,1.7,15.1,11.5,3
Booz Allen Hamilton Holding Corporation (BAH),17.0,1.3,9.1,6.6,2
Ball Corporation (BALL),12.1,7.6,0.8,3.7,2
Brookfield Asset Management Ltd. (BAM),18.0,0.4,8.6,9.0,1
Credicorp Ltd. (BAP),22.1,2.0,10.1,10.0,2
Baxter International Inc. (BAX),23.6,2.8,13.6,7.1,3
"Bath & Body Works, Inc. (BBWI)",28.3,12.2,10.3,5.9,2
"Best Buy Co., Inc. (BBY)",15.9,2.4,9.1,4.4,2
BCE Inc. (BCE),18.8,3.4,10.2,5.2,2
"Becton, Dickinson and Company (BDX)",23.8,3.0,13.6,7.1,3
"Franklin Resources, Inc. (BEN)",18.3,1.1,9.9,7.3,2
Brookfield Renewable Partners L.P. (BEP),17.8,2.5,9.5,5.8,1
"Bread Financial Holdings, Inc. (BFH)",18.0,,,,1
Bunge Global SA (BG),32.9,14.4,13.3,5.3,3
Bausch Health Companies Inc. (BHC),31.4,5.3,17.9,8.1,3
"Baidu, Inc. (BIDU)",24.2,2.5,12.6,9.1,3
Biogen Inc. (BIIB),22.2,0.4,14.5,7.4,3
"Bio-Rad Laboratories, Inc. (BIO)",17.4,1.2,9.2,7.0,1
The Bank of New York Mellon Corporation (BK),20.9,1.1,9.9,9.9,2
Booking Holdings Inc. (BKNG),19.2,1.0,10.1,8.1,3
"BlackRock, Inc. (BLK)",18.3,0.9,7.4,10.0,2
Bank of Montreal (BMO),15.3,1.9,5.7,7.6,2
BioMarin Pharmaceutical Inc. (BMRN),25.7,1.2,17.2,7.3,1
Bristol-Myers Squibb Company (BMY),22.7,1.3,14.4,7.1,2
Brookfield Corporation (BN),19.8,0.8,8.9,10.1,1
The Bank of Nova Scotia (BNS),20.1,1.6,9.7,8.9,3
BOK Financial Corporation (BOKF),21.2,2.3,7.6,11.3,1
"Broadridge Financial Solutions, Inc. (BR)",16.6,4.2,7.5,4.9,2
"Brown & Brown, Inc. (BRO)",20.5,0.1,9.8,10.6,1
Brixmor Property Group Inc. (BRX),11.3,3.8,2.9,4.6,N/A
Boston Scientific Corporation (BSX),23.1,2.4,11.9,8.9,2
BorgWarner Inc. (BWA),12.6,2.7,4.2,5.7,2
Blackstone Inc. (BX),23.4,2.5,9.6,11.3,2
"Boston Properties, Inc. (BXP)",12.5,2.5,4.5,5.4,1
Citigroup Inc. (C),29.2,1.8,13.8,13.7,4
"Conagra Brands, Inc. (CAG)",30.8,10.7,15.4,4.7,2
"Cardinal Health, Inc. (CAH)",14.9,1.2,7.3,6.4,3
Caterpillar Inc. (CAT),36.2,10.4,17.7,8.1,4
Chubb Limited (CB),23.6,1.5,11.5,10.6,2
"Cboe Global Markets, Inc. (CBOE)",21.0,2.7,7.6,10.6,1
"CBRE Group, Inc. (CBRE)",8.0,1.5,1.9,4.6,1
"Commerce Bancshares, Inc. (CBSH)",23.7,2.0,9.4,12.2,1
Crown Castle Inc. (CCI),10.1,4.1,1.7,4.3,N/A
"Crown Holdings, Inc. (CCK)",10.4,6.1,0.9,3.5,1
Carnival Corporation & plc (CCL),24.5,9.4,10.1,5.0,3
"Cadence Design Systems, Inc. (CDNS)",12.0,2.3,4.9,4.8,N/A
CDW Corporation (CDW),9.2,2.5,3.2,3.5,N/A
Celanese Corporation (CE),26.1,14.7,5.9,5.6,2
Cerus Corporation (CERS),22.2,3.7,10.4,7.8,
Central Securities Corporation (CET),21.6,3.0,8.6,7.9,
"CF Industries Holdings, Inc. (CF)",29.3,16.2,7.7,5.4,1
"Citizens Financial Group, Inc. (CFG)",23.5,2.0,10.1,11.4,2
"Cullen/Frost Bankers, Inc. (CFR)",30.2,2.2,12.8,15.2,1
"Church & Dwight Co., Inc. (CHD)",19.9,6.9,6.3,6.7,1
Chesapeake Energy Corporation (CHK),44.0,23.8,10.9,9.3,2
Check Point Software Technologies Ltd. (CHKP),23.1,5.1,12.2,5.8,1
"C.H. Robinson Worldwide, Inc. (CHRW)",19.3,4.7,9.3,5.3,1
"Charter Communications, Inc. (CHTR)",24.7,6.1,10.7,7.9,2
The Cigna Group (CI),11.6,0.0,6.0,5.7,2
Cincinnati Financial Corporation (CINF),25.6,1.8,11.0,12.9,1
Colgate-Palmolive Company (CL),26.2,8.3,11.3,6.5,2
The Clorox Company (CLX),21.6,7.7,8.6,5.3,2
Canadian Imperial Bank of Commerce (CM),17.7,1.9,7.8,8.0,2
Comerica Incorporated (CMA),25.2,2.5,11.0,11.7,2
Comcast Corporation (CMCSA),23.1,4.0,10.9,8.2,2
CME Group Inc. (CME),17.8,2.1,6.5,9.2,1
"Chipotle Mexican Grill, Inc. (CMG)",20.7,6.8,9.6,4.3,2
Cummins Inc. (CMI),19.3,5.6,7.7,5.9,2
CMS Energy Corporation (CMS),21.7,9.6,6.8,5.2,2
CNA Financial Corporation (CNA),28.9,2.1,12.3,14.5,1
Centene Corporation (CNC),19.9,0.1,13.3,6.5,2
CNH Industrial N.V. (CNHI),17.0,5.2,4.9,7.0,3
Canadian National Railway Company (CNI),14.0,4.9,6.7,2.4,2
"CenterPoint Energy, Inc. (CNP)",28.7,12.9,10.7,5.1,2
Canadian Natural Resources Limited (CNQ),29.8,15.6,7.1,7.1,1
Capital One Financial Corporation (COF),22.5,0.1,12.3,10.1,3
"CommScope Holding Company, Inc. (COMM)",14.5,,,,2
"The Cooper Companies, Inc. (COO)",17.5,2.7,8.8,6.0,2
ConocoPhillips (COP),33.9,17.6,8.1,8.3,2
"Cencora, Inc. (COR)",12.8,1.6,5.5,5.7,3
Costco Wholesale Corporation (COST),23.3,6.5,11.2,5.6,3
Coty Inc. (COTY),26.6,10.9,8.6,7.1,2
Canadian Pacific Kansas City Limited (CP),17.2,6.2,8.2,2.8,2
Campbell Soup Company (CPB),23.5,10.9,8.1,4.5,2
Crescent Point Energy Corp. (CPG),42.4,27.3,7.9,7.2,N/A
Capri Holdings Limited (CPRI),16.7,1.4,9.2,6.1,2
"Copart, Inc. (CPRT)",16.0,1.5,9.0,5.6,1
Camden Property Trust (CPT),16.1,4.0,3.9,8.2,1
"Salesforce, Inc. (CRM)",14.9,2.0,7.5,5.4,1
"Cisco Systems, Inc. (CSCO)",13.9,0.4,6.9,6.5,2
"CoStar Group, Inc. (CSGP)",21.9,4.9,9.3,7.7,1
Carlisle Companies Incorporated (CSL),22.8,11.0,5.9,5.8,1
CSX Corporation (CSX),21.9,7.0,10.0,4.8,2
Cintas Corporation (CTAS),18.1,3.0,9.2,5.9,2
Coterra Energy Inc. (CTRA),36.1,20.3,8.3,7.5,2
Cognizant Technology Solutions Corporation (CTSH),14.7,1.1,7.6,5.9,2
Cenovus Energy Inc. (CVE),39.3,21.6,9.6,8.1,2
CVS Health Corporation (CVS),22.0,0.0,15.8,6.2,3
Chevron Corporation (CVX),36.6,17.0,9.2,10.4,3
"Dominion Energy, Inc. (D)",26.4,11.9,8.8,5.6,2
"Delta Air Lines, Inc. (DAL)",30.3,9.9,14.6,5.8,2
Deutsche Bank Aktiengesellschaft (DB),27.9,1.1,11.6,15.3,4
"Donaldson Company, Inc. (DCI)",31.0,10.8,12.8,7.4,1
"DuPont de Nemours, Inc. (DD)",28.6,14.7,8.0,5.9,3
Deere & Company (DE),20.0,2.7,10.8,6.5,2
"Douglas Emmett, Inc. (DEI)",18.2,5.3,5.3,7.6,N/A
Dell Technologies Inc. (DELL),16.7,0.7,8.4,7.5,3
Discover Financial Services (DFS),22.5,0.1,11.9,10.5,2
Dollar General Corporation (DG),17.6,3.5,8.6,5.5,2
Quest Diagnostics Incorporated (DGX),21.2,0.1,13.1,8.0,3
"D.R. Horton, Inc. (DHI)",21.0,8.7,6.7,5.7,2
Danaher Corporation (DHR),11.9,1.4,5.2,5.3,2
The Walt Disney Company (DIS),15.7,0.0,9.0,6.7,2
"DICK'S Sporting Goods, Inc. (DKS)",17.4,3.7,8.1,5.5,2
"Digital Realty Trust, Inc. (DLR)",12.6,2.8,2.8,7.0,N/A
"Dollar Tree, Inc. (DLTR)",20.1,3.3,12.8,4.0,2
Dover Corporation (DOV),25.9,8.0,12.5,5.4,1
Amdocs Limited (DOX),12.5,1.2,6.0,5.3,1
"Domino's Pizza, Inc. (DPZ)",29.2,10.6,12.2,6.3,2
"Darden Restaurants, Inc. (DRI)",27.5,7.9,15.0,4.6,2
DTE Energy Company (DTE),29.8,15.0,10.0,4.7,2
Duke Energy Corporation (DUK),27.0,11.5,10.7,4.8,2
DaVita Inc. (DVA),22.6,0.1,14.1,8.4,2
Devon Energy Corporation (DVN),33.8,17.7,8.6,7.5,2
DXC Technology Company (DXC),15.3,1.3,8.8,5.3,2
"DexCom, Inc. (DXCM)",24.0,5.3,10.6,8.1,1
Electronic Arts Inc. (EA),13.3,0.1,8.4,4.7,2
eBay Inc. (EBAY),17.6,2.7,7.7,7.2,2
Ecolab Inc. (ECL),19.9,8.5,6.1,5.3,2
"Consolidated Edison, Inc. (ED)",23.8,6.9,10.9,6.1,3
New Oriental Education & Technology Group Inc. (EDU),15.7,0.2,9.4,6.1,2
Equifax Inc. (EFX),23.2,0.1,16.3,6.8,3
"Everest Group, Ltd. (EG)",18.0,1.4,6.7,9.9,1
Edison International (EIX),27.5,11.0,11.4,5.1,3
The Estée Lauder Companies Inc. (EL),25.5,6.9,11.1,7.5,2
"Elevance Health, Inc. (ELV)",11.4,0.1,6.0,5.3,2
Eastman Chemical Company (EMN),25.3,12.8,5.8,6.6,2
Emerson Electric Co. (EMR),28.4,8.8,13.1,6.6,1
Enbridge Inc. (ENB),21.1,10.1,8.0,3.0,3
"EOG Resources, Inc. (EOG)",34.2,20.2,6.7,7.3,1
"Equinix, Inc. (EQIX)",13.9,3.4,5.3,5.1,1
Equity Residential (EQR),11.9,3.0,2.9,6.1,1
EQT Corporation (EQT),35.7,17.7,10.1,7.9,1
Erie Indemnity Company (ERIE),27.6,2.6,11.4,13.5,1
Eversource Energy (ES),18.6,4.7,8.6,5.4,2
"Essex Property Trust, Inc. (ESS)",12.4,3.5,2.8,6.1,1
Energy Transfer LP (ET),52.0,,,,5
Eaton Corporation plc (ETN),17.9,5.5,6.8,5.7,1
Entergy Corporation (ETR),26.7,14.0,7.3,5.3,2
Edwards Lifesciences Corporation (EW),18.6,2.9,8.1,7.6,1
"East West Bancorp, Inc. (EWBC)",27.3,1.6,12.3,13.4,1
Exelon Corporation (EXC),22.9,7.4,9.1,6.4,3
Eagle Materials Inc. (EXP),40.5,22.3,9.2,9.0,1
"Expeditors International of Washington, Inc. (EXPD)",16.6,4.2,7.6,4.8,2
"Expedia Group, Inc. (EXPE)",27.6,4.3,13.3,10.1,2
Extra Space Storage Inc. (EXR),15.2,4.2,3.7,7.3,1
Ford Motor Company (F),22.4,7.4,6.4,8.5,3
Fastenal Company (FAST),24.7,9.3,8.3,7.1,2
"Fortune Brands Innovations, Inc. (FBIN)",24.2,10.6,6.1,7.5,1
Freeport-McMoRan Inc. (FCX),31.6,15.3,10.0,6.4,4
FactSet Research Systems Inc. (FDS),18.4,4.3,8.8,5.3,1
FedEx Corporation (FDX),19.7,5.7,8.4,5.6,2
FirstEnergy Corp. (FE),25.6,10.8,9.0,5.8,3
"F5, Inc. (FFIV)",17.1,4.1,7.6,5.4,1
"Fiserv, Inc. (FI)",19.6,4.1,8.7,6.8,2
"Fidelity National Information Services, Inc. (FIS)",17.5,4.1,8.2,5.2,1
Fifth Third Bancorp (FITB),16.8,1.2,8.1,7.5,2
"Foot Locker, Inc. (FL)",12.3,,,,2
Flex Ltd. (FLEX),6.4,,,,1
Fluor Corporation (FLR),32.9,,,,3
Flowserve Corporation (FLS),23.2,7.9,10.5,4.8,2
FMC Corporation (FMC),30.7,14.4,8.9,7.5,1
"Fidelity National Financial, Inc. (FNF)",24.2,1.5,9.8,12.9,1
Franco-Nevada Corporation (FNV),8.2,0.1,2.6,5.5,2
Federal Realty Investment Trust (FRT),12.4,2.3,4.3,5.8,1
"Fortinet, Inc. (FTNT)",18.9,2.5,10.0,6.4,1
Fortis Inc. (FTS),27.8,14.4,8.4,5.1,1
Fortive Corporation (FTV),34.8,16.1,14.0,4.7,1
General Dynamics Corporation (GD),35.2,9.4,18.9,6.9,3
General Electric Company (GE),40.5,14.2,15.4,10.9,3
Gen Digital Inc. (GEN),16.9,3.3,8.2,5.4,2
Graco Inc. (GGG),30.0,8.9,13.5,7.6,N/A
CGI Inc. (GIB),15.4,1.2,7.8,6.3,N/A
Gildan Activewear Inc. (GIL),9.6,1.2,4.6,3.9,2
"Gilead Sciences, Inc. (GILD)",23.0,1.0,14.3,7.6,2
"General Mills, Inc. (GIS)",21.1,8.3,8.7,4.1,2
Globe Life Inc. (GL),20.4,1.6,8.3,10.5,2
"Gaming and Leisure Properties, Inc. (GLPI)",15.6,6.3,4.1,5.3,1
Corning Incorporated (GLW),16.5,5.5,4.8,6.1,2
General Motors Company (GM),28.5,9.8,11.5,7.2,4
Gentex Corporation (GNTX),18.5,5.5,5.5,7.5,1
Barrick Gold Corporation (GOLD),33.3,15.9,11.9,5.5,4
Alphabet Inc. (GOOGL),24.2,1.6,11.2,11.5,4
Genuine Parts Company (GPC),13.7,4.7,5.2,3.8,2
Global Payments Inc. (GPN),20.9,3.7,10.7,6.5,1
"The Gap, Inc. (GPS)",15.6,1.2,9.1,5.3,3
Garmin Ltd. (GRMN),20.7,4.8,11.6,4.3,1
"The Goldman Sachs Group, Inc. (GS)",25.5,0.9,12.8,11.8,2
The Goodyear Tire & Rubber Company (GT),15.5,,,,3
"W.W. Grainger, Inc. (GWW)",16.0,4.5,5.6,5.9,2
Hyatt Hotels Corporation (H),29.8,13.2,11.6,5.1,2
Halliburton Company (HAL),25.6,9.8,8.9,6.9,2
"Hasbro, Inc. (HAS)",7.1,0.0,2.9,4.2,2
Huntington Bancshares Incorporated (HBAN),21.8,2.0,11.2,8.7,2
Hanesbrands Inc. (HBI),14.2,1.3,7.6,5.3,2
"HCA Healthcare, Inc. (HCA)",28.8,3.9,17.7,7.2,3
"The Home Depot, Inc. (HD)",12.6,3.3,5.6,3.8,2
Hess Corporation (HES),33.1,18.9,7.2,7.0,2
"The Hartford Financial Services Group, Inc. (HIG)",16.6,1.8,7.2,7.6,1
Herbalife Ltd. (HLF),30.5,11.4,11.1,8.1,2
Hilton Worldwide Holdings Inc. (HLT),17.6,6.1,7.0,4.4,2
"Harley-Davidson, Inc. (HOG)",15.0,2.9,6.0,6.1,2
"Hologic, Inc. (HOLX)",25.0,4.6,12.1,8.4,1
Honeywell International Inc. (HON),28.6,11.0,10.6,7.0,3
"Helmerich & Payne, Inc. (HP)",22.3,,,,N/A
Hewlett Packard Enterprise Company (HPE),10.7,0.9,4.1,5.6,2
HP Inc. (HPQ),11.3,0.1,5.1,6.1,2
Hormel Foods Corporation (HRL),30.0,13.3,10.7,6.0,3
"Henry Schein, Inc. (HSIC)",13.9,2.0,5.7,6.3,2
"Host Hotels & Resorts, Inc. (HST)",13.4,3.3,4.6,5.5,1
The Hershey Company (HSY),26.0,10.5,10.4,5.1,3
Hubbell Incorporated (HUBB),19.6,5.6,9.1,4.9,N/A
Humana Inc. (HUM),22.5,0.0,16.7,5.7,2
Huntsman Corporation (HUN),27.0,12.8,5.9,8.4,1
IAC Inc. (IAC),26.9,2.8,15.1,4.7,2
International Business Machines Corporation (IBM),14.1,1.8,6.2,6.1,2
"Intercontinental Exchange, Inc. (ICE)",19.8,1.7,9.3,8.8,1
ICL Group Ltd (ICL),30.5,15.6,8.0,6.9,2
"IDEXX Laboratories, Inc. (IDXX)",18.7,2.6,7.1,8.9,1
IDEX Corporation (IEX),29.3,10.3,13.7,5.3,N/A
International Flavors & Fragrances Inc. (IFF),22.7,10.5,5.6,6.6,3
International Game Technology PLC (IGT),15.5,,,,2
"Illumina, Inc. (ILMN)",18.6,0.1,11.6,6.9,3
Imperial Oil Limited (IMO),37.2,22.6,7.1,7.5,3
Incyte Corporation (INCY),24.8,1.1,16.3,7.4,1
Ingredion Incorporated (INGR),28.6,13.5,10.1,5.0,2
Intel Corporation (INTC),18.9,4.9,7.3,6.6,3
Intuit Inc. (INTU),16.4,1.0,10.7,4.7,2
"Ionis Pharmaceuticals, Inc. (IONS)",29.3,2.0,18.8,8.5,1
IQVIA Holdings Inc. (IQV),19.1,1.3,10.6,7.2,2
Iron Mountain Incorporated (IRM),14.5,5.0,3.7,5.8,2
"Intuitive Surgical, Inc. (ISRG)",21.1,3.7,9.6,7.8,1
"Gartner, Inc. (IT)",18.9,0.1,13.2,5.6,1
Illinois Tool Works Inc. (ITW),25.3,7.0,11.8,6.5,2
Invesco Ltd. (IVZ),22.8,0.7,11.0,11.0,2
Jacobs Solutions Inc. (J),22.4,5.3,11.5,5.6,3
"J.B. Hunt Transport Services, Inc. (JBHT)",14.8,3.3,6.6,5.0,1
Johnson Controls International plc (JCI),14.4,4.5,4.6,5.4,3
Jefferies Financial Group Inc. (JEF),25.9,2.6,9.4,13.9,2
"Jack Henry & Associates, Inc. (JKHY)",18.7,4.3,8.7,5.7,N/A
Jones Lang LaSalle Incorporated (JLL),6.8,1.5,2.1,3.1,1
Johnson & Johnson (JNJ),24.0,0.9,15.0,8.0,4
"Juniper Networks, Inc. (JNPR)",14.8,1.8,7.2,5.8,1
JPMorgan Chase & Co. (JPM),29.3,1.1,16.5,11.7,3
"Nordstrom, Inc. (JWN)",20.3,3.7,12.8,3.9,2
Kellanova (K),28.4,10.6,13.4,4.4,2
"OPENLANE, Inc. (KAR)",18.0,,,,1
KeyCorp (KEY),21.4,1.6,9.2,10.7,1
"Keysight Technologies, Inc. (KEYS)",7.6,1.2,1.8,4.7,1
The Kraft Heinz Company (KHC),33.7,13.5,14.1,6.2,3
Kimco Realty Corporation (KIM),10.9,2.3,2.6,6.0,N/A
KLA Corporation (KLAC),17.2,7.4,5.1,4.6,N/A
Kimberly-Clark Corporation (KMB),28.5,10.4,10.4,7.6,2
"Kinder Morgan, Inc. (KMI)",19.0,8.3,7.2,3.5,2
"CarMax, Inc. (KMX)",12.1,0.1,8.0,4.0,2
The Coca-Cola Company (KO),21.6,7.2,9.5,4.9,3
The Kroger Co. (KR),21.3,6.6,9.1,5.6,3
Kohl's Corporation (KSS),12.3,2.3,6.2,3.8,2
Loews Corporation (L),16.4,0.6,4.3,11.5,2
"Lazard, Inc. (LAZ)",23.0,1.9,9.6,11.6,2
Liberty Broadband Corporation (LBRDK),22.2,2.1,11.4,8.8,1
Liberty Global Ltd. (LBTYA),23.4,5.6,10.4,7.4,2
"Leidos Holdings, Inc. (LDOS)",17.6,3.4,9.0,5.3,2
Lear Corporation (LEA),12.4,3.4,3.7,5.3,2
"Lincoln Electric Holdings, Inc. (LECO)",21.9,7.6,8.7,5.6,1
"Leggett & Platt, Incorporated (LEG)",14.5,6.5,4.1,3.9,2
Lennar Corporation (LEN),25.4,11.3,8.6,5.6,2
Laboratory Corporation of America Holdings (LH),19.7,0.4,12.7,6.6,2
Lennox International Inc. (LII),19.5,8.1,4.2,7.2,N/A
LKQ Corporation (LKQ),11.1,3.8,4.0,3.3,2
Eli Lilly and Company (LLY),24.3,2.5,12.6,9.1,2
Lockheed Martin Corporation (LMT),30.2,8.0,15.1,7.1,3
Lincoln National Corporation (LNC),17.9,1.9,6.1,9.9,2
"Cheniere Energy, Inc. (LNG)",22.8,11.3,8.2,3.3,2
Alliant Energy Corporation (LNT),21.4,8.5,6.6,6.3,N/A
"Lowe's Companies, Inc. (LOW)",11.8,3.3,5.3,3.2,2
Lam Research Corporation (LRCX),13.6,4.5,4.0,5.1,1
Lululemon Athletica Inc. (LULU),16.9,1.6,9.9,5.5,2
"Lumen Technologies, Inc. (LUMN)",26.1,6.7,12.8,6.7,2
Southwest Airlines Co. (LUV),30.7,11.0,13.7,5.9,2
Las Vegas Sands Corp. (LVS),18.7,2.3,7.7,8.7,2
LyondellBasell Industries N.V. (LYB),20.7,13.5,2.1,5.1,2
"Macy's, Inc. (M)",16.8,,,,2
Mastercard Incorporated (MA),17.1,2.2,6.7,8.3,4
"Mid-America Apartment Communities, Inc. (MAA)",13.1,3.9,3.0,6.3,1
The Macerich Company (MAC),12.1,,,,1
ManpowerGroup Inc. (MAN),9.8,0.0,6.0,3.8,1
"Marriott International, Inc. (MAR)",21.4,8.6,9.2,3.7,3
Masco Corporation (MAS),22.2,9.7,5.6,6.8,1
"Mattel, Inc. (MAT)",15.5,0.8,9.4,5.3,4
McDonald's Corporation (MCD),26.0,7.6,12.6,5.8,3
Microchip Technology Incorporated (MCHP),31.8,15.3,9.2,7.4,1
McKesson Corporation (MCK),15.2,1.6,7.3,6.3,3
Moody's Corporation (MCO),15.8,1.6,6.1,8.1,2
"Pediatrix Medical Group, Inc. (MD)",21.2,,,,2
"Mondelez International, Inc. (MDLZ)",22.0,7.2,9.4,5.4,3
Medtronic plc (MDT),22.8,1.8,13.4,7.6,3
"MDU Resources Group, Inc. (MDU)",35.6,21.0,6.6,7.9,1
"MetLife, Inc. (MET)",16.4,0.7,7.0,8.8,2
"Meta Platforms, Inc. (META)",34.1,2.7,21.1,10.3,4
Manulife Financial Corporation (MFC),18.1,0.9,8.8,8.3,2
Magna International Inc. (MGA),18.5,4.6,9.2,4.8,2
MGM Resorts International (MGM),24.8,1.3,13.0,10.5,2
"Mohawk Industries, Inc. (MHK)",14.1,5.8,4.2,4.2,2
The Middleby Corporation (MIDD),30.4,9.3,14.3,6.8,N/A
"McCormick & Company, Incorporated (MKC)",26.1,9.6,11.1,5.3,2
Markel Group Inc. (MKL),26.9,2.5,10.6,13.8,2
Melco Resorts & Entertainment Limited (MLCO),21.3,3.2,8.2,9.9,2
"Martin Marietta Materials, Inc. (MLM)",30.1,16.7,4.8,8.7,2
"Marsh & McLennan Companies, Inc. (MMC)",21.1,0.1,11.3,9.7,2
3M Company (MMM),37.3,17.2,13.6,6.5,5
Monster Beverage Corporation (MNST),29.2,12.1,12.0,5.1,2
"Altria Group, Inc. (MO)",31.3,6.1,17.6,7.6,3
The Mosaic Company (MOS),33.5,13.9,11.1,8.6,2
Marathon Petroleum Corporation (MPC),30.5,17.1,8.1,5.3,3
"Merck & Co., Inc. (MRK)",21.4,1.9,10.6,8.9,3
"Marvell Technology, Inc. (MRVL)",20.1,6.2,7.5,6.4,2
Morgan Stanley (MS),24.6,1.1,12.9,10.5,2
MSCI Inc. (MSCI),16.3,1.6,7.0,7.7,1
Microsoft Corporation (MSFT),15.1,1.5,7.5,6.1,3
"Motorola Solutions, Inc. (MSI)",13.1,2.3,5.1,5.8,1
"MSC Industrial Direct Co., Inc. (MSM)",17.1,3.7,7.0,6.4,N/A
M&T Bank Corporation (MTB),26.5,2.6,10.3,13.6,1
Mettler-Toledo International Inc. (MTD),13.1,1.0,7.4,4.7,N/A
"Micron Technology, Inc. (MU)",18.2,7.2,5.5,5.5,2
Norwegian Cruise Line Holdings Ltd. (NCLH),25.9,9.0,10.9,6.1,2
"Nasdaq, Inc. (NDAQ)",13.1,0.0,5.6,7.4,1
Nordson Corporation (NDSN),24.9,8.2,11.6,5.1,1
"NextEra Energy, Inc. (NEE)",23.3,9.4,8.3,5.6,2
Newmont Corporation (NEM),20.5,7.1,8.2,5.2,3
NewMarket Corporation (NEU),36.1,17.8,9.7,8.6,N/A
"Netflix, Inc. (NFLX)",16.4,0.1,7.3,9.0,2
NiSource Inc. (NI),26.0,12.0,9.2,4.9,3
"NIKE, Inc. (NKE)",19.6,3.0,10.0,6.7,3
"Annaly Capital Management, Inc. (NLY)",11.2,2.1,2.9,6.2,N/A
Northrop Grumman Corporation (NOC),27.5,7.8,14.4,5.4,2
NOV Inc. (NOV),32.1,11.7,12.0,8.4,2
"ServiceNow, Inc. (NOW)",16.6,4.0,6.0,6.6,N/A
"NRG Energy, Inc. (NRG)",32.0,16.8,9.5,5.7,2
Norfolk Southern Corporation (NSC),23.9,8.0,10.5,5.4,3
"NetApp, Inc. (NTAP)",15.4,2.2,7.7,5.5,1
Nutrien Ltd. (NTR),28.5,13.6,8.4,6.5,2
Northern Trust Corporation (NTRS),23.9,1.9,11.8,10.2,2
Nucor Corporation (NUE),32.8,9.3,14.7,8.8,2
NVIDIA Corporation (NVDA),13.6,2.3,4.9,6.3,2
"NVR, Inc. (NVR)",20.3,7.2,7.8,5.2,1
Newell Brands Inc. (NWL),13.6,5.9,4.0,3.7,2
News Corporation (NWSA),11.5,0.0,4.7,6.7,2
NXP Semiconductors N.V. (NXPI),19.8,8.6,5.4,5.8,1
"New York Community Bancorp, Inc. (NYCB)",27.8,2.8,13.4,11.5,3
Realty Income Corporation (O),15.5,4.4,5.3,5.7,2
Owens Corning (OC),19.1,9.2,5.1,4.9,1
OGE Energy Corp. (OGE),31.8,15.7,10.6,5.5,N/A
"Omega Healthcare Investors, Inc. (OHI)",18.1,7.1,5.2,5.8,1
"ONEOK, Inc. (OKE)",25.1,10.8,11.0,3.3,1
Omnicom Group Inc. (OMC),16.3,0.1,9.3,6.9,1
ON Semiconductor Corporation (ON),22.4,11.8,5.7,4.9,1
Oracle Corporation (ORCL),13.9,0.5,7.8,5.6,2
Old Republic International Corporation (ORI),28.3,2.4,10.8,15.1,1
"O'Reilly Automotive, Inc. (ORLY)",12.1,0.1,8.1,3.8,1
Open Text Corporation (OTEX),17.6,4.8,7.9,4.9,1
Occidental Petroleum Corporation (OXY),41.7,25.0,9.7,7.0,2
"Palo Alto Networks, Inc. (PANW)",13.9,0.7,7.6,5.6,1
Paramount Global (PARA),15.0,0.1,7.5,7.4,3
Paramount Global (PARAA),15.3,0.1,8.1,7.1,3
"Paychex, Inc. (PAYX)",16.7,3.2,7.2,6.4,1
Pembina Pipeline Corporation (PBA),20.8,10.6,6.9,3.3,1
PACCAR Inc (PCAR),27.6,8.4,11.0,8.3,3
PG&E Corporation (PCG),30.4,9.6,15.4,5.4,4
Public Service Enterprise Group Incorporated (PEG),27.2,12.5,9.3,5.5,2
"PepsiCo, Inc. (PEP)",22.1,7.3,9.6,5.2,3
Pfizer Inc. (PFE),24.6,2.1,12.9,9.6,3
"Principal Financial Group, Inc. (PFG)",14.2,0.8,5.8,7.6,1
The Procter & Gamble Company (PG),28.6,9.6,12.2,6.7,3
The Progressive Corporation (PGR),20.0,1.5,8.5,10.1,2
Parker-Hannifin Corporation (PH),29.5,9.5,13.8,6.2,2
"PulteGroup, Inc. (PHM)",21.4,9.2,7.3,4.9,2
Polaris Inc. (PII),12.3,1.3,6.7,4.3,2
Packaging Corporation of America (PKG),18.6,14.0,1.1,3.6,1
"Prologis, Inc. (PLD)",10.3,2.7,2.5,5.0,1
Philip Morris International Inc. (PM),28.5,3.4,13.5,11.5,3
"The PNC Financial Services Group, Inc. (PNC)",26.1,1.9,13.3,10.8,3
Pentair plc (PNR),22.1,6.0,10.0,6.1,1
Pinnacle West Capital Corporation (PNW),30.8,14.7,10.2,5.8,1
"PPG Industries, Inc. (PPG)",25.2,11.0,7.7,6.5,2
PPL Corporation (PPL),31.3,17.1,8.9,5.3,2
Perrigo Company plc (PRGO),36.4,3.4,21.4,11.6,2
"Prudential Financial, Inc. (PRU)",19.9,0.6,10.0,9.3,1
Public Storage (PSA),13.1,4.7,2.6,5.7,1
Phillips 66 (PSX),35.4,20.8,8.8,5.8,3
PTC Inc. (PTC),18.9,4.9,8.6,5.4,N/A
PVH Corp. (PVH),16.0,1.3,9.7,5.0,3
"Quanta Services, Inc. (PWR)",36.9,12.1,15.7,9.0,2
,,,,,
"PayPal Holdings, Inc. (PYPL)",17.8,2.8,9.2,5.8,2
QUALCOMM Incorporated (QCOM),15.4,5.3,4.5,5.6,3
Qiagen N.V. (QGEN),14.3,1.6,6.0,6.6,2
"Qorvo, Inc. (QRVO)",28.5,12.3,8.5,7.7,N/A
Restaurant Brands International Inc. (QSR),23.5,7.2,11.3,5.0,3
Ferrari N.V. (RACE),24.8,5.9,12.3,6.6,2
Rogers Communications Inc. (RCI),23.3,4.4,11.8,7.0,3
Royal Caribbean Cruises Ltd. (RCL),20.7,8.1,7.7,4.9,3
Regency Centers Corporation (REG),11.7,3.7,3.2,4.8,N/A
"Regeneron Pharmaceuticals, Inc. (REGN)",18.0,0.3,11.0,6.7,2
Regions Financial Corporation (RF),16.9,1.8,6.7,8.4,2
"Reinsurance Group of America, Incorporated (RGA)",23.1,2.7,8.1,12.2,N/A
Robert Half Inc. (RHI),10.9,0.1,7.4,3.4,1
Transocean Ltd. (RIG),25.5,,,,2
"Raymond James Financial, Inc. (RJF)",27.0,2.3,11.2,13.4,2
Ralph Lauren Corporation (RL),14.6,1.2,7.8,5.6,2
ResMed Inc. (RMD),26.4,3.5,12.4,10.4,1
RenaissanceRe Holdings Ltd. (RNR),22.6,2.5,9.0,11.2,N/A
"Rockwell Automation, Inc. (ROK)",17.7,5.4,6.6,5.7,2
"Rollins, Inc. (ROL)",19.3,1.8,10.6,6.9,1
"Roper Technologies, Inc. (ROP)",20.4,4.7,9.7,6.1,N/A
"Ross Stores, Inc. (ROST)",18.2,1.8,10.8,5.7,2
RPM International Inc. (RPM),32.8,16.0,9.2,7.7,1
Range Resources Corporation (RRC),44.9,25.3,9.7,9.9,2
"Reliance, Inc. (RS)",19.8,7.2,7.1,5.4,N/A
"Republic Services, Inc. (RSG)",20.9,11.2,6.0,3.7,3
"Revvity, Inc. (RVTY)",16.7,0.8,10.1,5.8,2
Royal Bank of Canada (RY),24.4,1.9,13.6,8.9,3
Sabre Corporation (SABR),22.7,1.2,13.9,7.6,2
EchoStar Corporation (SATS),27.5,,,,N/A
SBA Communications Corporation (SBAC),11.6,3.1,3.2,5.2,N/A
Starbucks Corporation (SBUX),24.7,5.8,14.6,4.3,3
Southern Copper Corporation (SCCO),27.5,12.9,8.7,5.9,3
The Charles Schwab Corporation (SCHW),23.3,2.4,8.9,11.9,2
Service Corporation International (SCI),15.9,0.1,10.0,5.7,2
Sealed Air Corporation (SEE),16.1,12.0,1.2,2.9,1
SEI Investments Company (SEIC),18.9,1.0,8.1,9.7,1
The Sherwin-Williams Company (SHW),29.4,14.3,9.2,5.8,2
Signet Jewelers Limited (SIG),14.5,,,,2
Sirius XM Holdings Inc. (SIRI),16.2,0.1,8.0,8.1,2
SITE Centers Corp. (SITC),14.3,,,,N/A
Six Flags Entertainment Corporation (SIX),25.6,12.6,9.2,3.8,2
The J. M. Smucker Company (SJM),30.5,12.9,12.0,5.6,2
Schlumberger Limited (SLB),20.3,8.1,6.3,5.9,1
Sun Life Financial Inc. (SLF),13.8,0.5,7.1,6.3,1
SL Green Realty Corp. (SLG),12.7,2.7,2.9,7.2,1
SLM Corporation (SLM),22.4,0.1,11.7,10.6,N/A
The Scotts Miracle-Gro Company (SMG),37.8,15.8,11.7,10.3,2
Snap-on Incorporated (SNA),30.5,9.0,13.9,7.6,2
"Synopsys, Inc. (SNPS)",14.4,3.3,6.9,4.2,N/A
Synovus Financial Corp. (SNV),24.2,2.2,10.2,11.8,2
The Southern Company (SO),33.0,14.7,11.0,7.3,2
Sonoco Products Company (SON),21.4,15.8,2.2,3.4,1
"Simon Property Group, Inc. (SPG)",14.0,3.8,4.0,6.2,1
S&P Global Inc. (SPGI),13.0,0.0,6.2,6.8,1
"Spirit AeroSystems Holdings, Inc. (SPR)",32.2,11.2,11.6,9.4,2
"Block, Inc. (SQ)",19.8,1.1,11.1,7.6,2
"Stericycle, Inc. (SRCL)",27.3,15.1,9.3,2.9,2
Sempra (SRE),23.6,10.9,7.8,4.9,2
"SS&C Technologies Holdings, Inc. (SSNC)",22.3,4.8,11.4,6.0,1
Sensata Technologies Holding plc (ST),11.5,3.7,3.2,4.5,2
"Steel Dynamics, Inc. (STLD)",33.0,10.6,14.4,8.1,1
State Street Corporation (STT),24.1,1.6,12.9,9.5,1
Seagate Technology Holdings plc (STX),10.7,1.6,3.8,5.3,1
"Constellation Brands, Inc. (STZ)",24.7,9.4,10.0,5.2,2
Suncor Energy Inc. (SU),32.2,20.6,6.7,4.8,3
Service Properties Trust (SVC),13.1,,,,N/A
"Stanley Black & Decker, Inc. (SWK)",25.3,5.0,12.5,7.8,2
"Skyworks Solutions, Inc. (SWKS)",28.0,11.8,8.9,7.2,1
Synchrony Financial (SYF),17.3,0.1,9.9,7.3,2
Stryker Corporation (SYK),28.3,4.0,13.2,11.0,2
Sysco Corporation (SYY),15.9,5.4,6.1,4.5,2
AT&T Inc. (T),23.9,3.3,13.9,6.7,3
TAL Education Group (TAL),18.4,0.1,10.6,7.7,2
Molson Coors Beverage Company (TAP),21.4,7.3,8.6,5.5,2
Trip.com Group Limited (TCOM),23.3,2.5,11.0,9.8,2
The Toronto-Dominion Bank (TD),19.8,0.5,9.7,9.5,3
TransDigm Group Incorporated (TDG),38.7,12.0,17.7,9.0,2
Teck Resources Limited (TECK),20.5,10.1,6.7,3.6,3
"Telefónica, S.A. (TEF)",17.4,1.6,9.2,6.6,2
TE Connectivity Ltd. (TEL),14.8,5.8,4.4,4.6,N/A
"Teradyne, Inc. (TER)",17.0,7.1,4.9,5.0,N/A
Teleflex Incorporated (TFX),29.6,4.8,16.1,8.7,2
TEGNA Inc. (TGNA),14.7,,,,2
Target Corporation (TGT),14.4,1.9,7.6,4.9,3
"THOR Industries, Inc. (THO)",26.5,5.9,14.9,5.7,N/A
"The TJX Companies, Inc. (TJX)",14.4,1.9,7.7,4.8,2
Thermo Fisher Scientific Inc. (TMO),12.8,1.4,4.9,6.5,3
"T-Mobile US, Inc. (TMUS)",24.6,4.2,13.4,7.1,3
Travel + Leisure Co. (TNL),24.7,9.5,11.2,4.1,2
"Toll Brothers, Inc. (TOL)",22.6,9.6,7.8,5.1,2
"Tapestry, Inc. (TPR)",14.8,1.1,8.6,5.2,2
Targa Resources Corp. (TRGP),33.2,14.2,14.8,4.2,2
Thomson Reuters Corporation (TRI),14.6,0.0,8.0,6.5,2
"Tripadvisor, Inc. (TRIP)",24.9,1.1,14.9,8.9,2
Trimble Inc. (TRMB),12.4,3.8,3.4,5.2,N/A
"T. Rowe Price Group, Inc. (TROW)",16.9,2.4,8.9,5.6,1
TC Energy Corporation (TRP),23.5,10.4,10.1,3.0,3
"The Travelers Companies, Inc. (TRV)",20.3,1.0,9.3,10.0,1
Tractor Supply Company (TSCO),16.1,3.4,8.2,4.5,2
"Tesla, Inc. (TSLA)",25.2,3.3,14.1,7.8,3
"Tyson Foods, Inc. (TSN)",35.9,14.0,12.4,9.5,4
Trane Technologies plc (TT),15.2,4.4,5.7,5.1,2
The Toro Company (TTC),21.1,5.4,9.4,6.4,1
TELUS Corporation (TU),17.4,3.4,10.6,3.4,2
Texas Instruments Incorporated (TXN),20.6,7.8,6.0,6.9,2
Textron Inc. (TXT),33.6,10.9,16.1,6.6,2
Tortoise Energy Infrastructure Corporation (TYG),32.2,,,,
"Under Armour, Inc. (UAA)",16.3,1.8,8.5,6.0,2
"United Airlines Holdings, Inc. (UAL)",28.6,10.8,12.8,5.0,2
UBS Group AG (UBS),28.2,1.0,12.5,14.7,4
"UDR, Inc. (UDR)",13.9,3.7,3.9,6.3,1
UGI Corporation (UGI),31.7,12.5,13.3,5.8,2
U-Haul Holding Company (UHAL),23.1,6.6,9.2,7.3,1
"Universal Health Services, Inc. (UHS)",33.0,3.7,20.7,8.6,3
"Ulta Beauty, Inc. (ULTA)",15.6,4.1,7.3,4.3,2
UnitedHealth Group Incorporated (UNH),15.3,0.0,9.7,5.6,3
Unum Group (UNM),17.4,0.8,8.9,7.7,1
Union Pacific Corporation (UNP),23.5,7.3,10.6,5.6,2
"United Parcel Service, Inc. (UPS)",18.6,4.2,8.9,5.5,2
"United Rentals, Inc. (URI)",16.9,5.3,6.1,5.4,1
U.S. Bancorp (USB),30.3,1.8,15.5,13.0,3
United Therapeutics Corporation (UTHR),22.4,1.4,13.8,7.1,2
Visa Inc. (V),16.7,1.8,8.2,6.7,3
V.F. Corporation (VFC),14.0,0.8,8.2,5.0,2
Vipshop Holdings Limited (VIPS),23.5,7.3,8.0,8.2,2
Valero Energy Corporation (VLO),32.6,20.1,7.4,5.0,2
Vulcan Materials Company (VMC),29.3,13.4,6.8,9.1,2
Vornado Realty Trust (VNO),14.3,3.1,4.2,7.0,1
"Voya Financial, Inc. (VOYA)",18.4,1.6,7.8,9.0,2
"Verisk Analytics, Inc. (VRSK)",17.5,0.1,12.5,5.0,1
"VeriSign, Inc. (VRSN)",21.3,4.7,10.8,5.8,1
Vertex Pharmaceuticals Incorporated (VRTX),22.7,0.8,15.4,6.6,2
"Ventas, Inc. (VTR)",12.9,3.4,3.9,5.6,N/A
Verizon Communications Inc. (VZ),18.7,3.7,9.6,5.4,3
Westinghouse Air Brake Technologies Corporation (WAB),23.3,5.4,12.0,6.0,2
Waters Corporation (WAT),14.6,1.4,8.2,5.1,N/A
"Walgreens Boots Alliance, Inc. (WBA)",16.3,1.8,9.3,5.2,3
"Waste Connections, Inc. (WCN)",22.0,11.0,7.7,3.3,1
"Workday, Inc. (WDAY)",17.2,4.0,6.6,6.6,1
Western Digital Corporation (WDC),11.4,1.5,3.9,6.1,2
"WEC Energy Group, Inc. (WEC)",27.5,13.4,9.0,5.1,1
Welltower Inc. (WELL),13.2,4.2,3.5,5.5,1
Wells Fargo & Company (WFC),36.2,2.0,14.8,19.4,5
Weatherford International plc (WFRD),22.1,,,,N/A
Whirlpool Corporation (WHR),16.1,4.6,7.1,4.4,2
Westlake Corporation (WLK),29.4,17.9,3.2,8.3,2
"Waste Management, Inc. (WM)",16.6,8.1,5.2,3.3,2
"The Williams Companies, Inc. (WMB)",21.8,8.7,10.1,3.0,2
Walmart Inc. (WMT),25.3,5.9,12.4,7.1,3
W. P. Carey Inc. (WPC),15.7,4.2,5.0,6.5,N/A
Wheaton Precious Metals Corp. (WPM),7.3,0.1,2.7,4.6,N/A
W. R. Berkley Corporation (WRB),21.8,2.0,7.9,11.9,1
"Essential Utilities, Inc. (WTRG)",24.6,6.8,11.4,6.4,1
Willis Towers Watson Public Limited Company (WTW),18.7,0.1,7.8,10.8,2
The Western Union Company (WU),15.3,4.4,6.0,4.9,1
Weyerhaeuser Company (WY),16.7,9.1,4.2,3.5,2
"Wynn Resorts, Limited (WYNN)",25.7,3.4,11.8,10.6,2
United States Steel Corporation (X),30.4,14.5,9.7,6.2,3
Xcel Energy Inc. (XEL),26.5,12.7,9.3,4.5,2
Exxon Mobil Corporation (XOM),41.6,23.1,10.0,8.5,3
DENTSPLY SIRONA Inc. (XRAY),14.9,2.1,6.5,6.3,1
Xylem Inc. (XYL),18.1,4.3,8.7,5.2,1
"Yum! Brands, Inc. (YUM)",20.1,4.5,11.4,4.1,2
"Zillow Group, Inc. (Z)",22.2,1.2,11.5,9.5,2
"Zimmer Biomet Holdings, Inc. (ZBH)",26.0,3.6,14.5,7.9,2
Zoetis Inc. (ZTS),18.8,3.2,6.8,8.7,2
